"ID","Symbol","Quantity","Buy_Value","Sell_Value","Realized_PnL","Realized_PnL_Pct"
1,ADANIENT,867,1438206,1440037,1831,0
2,ADANIENT21JUN1460CE,3000,164700,178300,13600,8
3,ADANIENT21JUN1460PE,1000,28350,28400,50,0
4,ADANIENT21JUN1500CE,7000,305000,286449,-18550,-6
5,ADANIENT21JUN1500PE,1000,38150,39600,1450,4
6,ADANIENT21JUN1520CE,2000,118600,121300,2700,2
7,ADANIENT21JUN1540CE,2000,120150,128100,7950,7
8,ADANIENT21JUN1600CE,8000,429150,433550,4400,1
9,ADANIENT21JUN1640CE,1000,65000,68000,3000,5
10,ADANIENT21JUN1660CE,1000,65800,47350,-18450,-28
11,ADANIENT21JUN1700CE,1000,40900,38000,-2900,-7
12,ADANIENT21JUN1720CE,6000,230899,219850,-11050,-5
13,ADANIENT21NOV1560PE,500,4000,3000,-1000,-25
14,ADANIENT21NOV1600PE,500,3650,3850,200,5
15,ADANIPORTS,750,597819,599942,2123,0
16,ADANIPORTS21NOV780CE,1250,12500,12375,-125,-1
17,ADANIPORTS21NOV800CE,1250,9750,9125,-625,-6
18,ADANITRANS,23,14143,14197,54,0
19,AMBUJACEM21APR310CE,3000,17850,16650,-1200,-7
20,ASHOKLEY,1910,232695,233539,844,0
21,ASIANPAINT,52,133855,133820,-34,0
22,ASIANPAINT21AUG3100CE,300,10755,9795,-960,-9
23,ASIANPAINT21AUG3140CE,300,9600,8670,-930,-10
24,ASIANPAINT21NOV3280CE,150,5250,4950,-300,-6
25,ATGL,1,1116,1144,28,3
26,AXISBANK,45,31870,31971,101,0
27,BAJAJ-AUTO21JUN4500CE,500,31450,29625,-1825,-6
28,BAJAJCON,25,6835,6725,-110,-2
29,BAJAJFINSV,10,116921,116503,-417,0
30,BAJFINANCE,8,39648,39758,110,0
31,BAJFINANCE21AUG6500CE,375,23250,23656,406,2
32,BAJFINANCE21AUG6600CE,250,14081,15631,1550,11
33,BAJFINANCE21AUG6700CE,500,42325,40793,-1531,-4
34,BAJFINANCE21AUG6800CE,250,17343,20625,3281,19
35,BAJFINANCE21AUG6900CE,250,15118,12443,-2675,-18
36,BAJFINANCE21AUG7100CE,375,28875,25200,-3675,-13
37,BAJFINANCE21AUG7200CE,125,7581,5200,-2381,-31
38,BAJFINANCE21NOV6800PE,125,3606,4018,412,11
39,BAJFINANCE21NOV7000PE,125,3500,2525,-975,-28
40,BAJFINANCE21OCT8800CE,125,2662,2475,-187,-7
41,BANKBARODA,410,31262,31440,178,1
42,BANKNIFTY2121836300PE,50,3625,4300,675,19
43,BANKNIFTY2121836400PE,50,5250,6075,825,16
44,BANKNIFTY2121836600PE,75,10375,11025,650,6
45,BANKNIFTY2121836700CE,50,7643,7226,-417,-5
46,BANKNIFTY2121836900PE,275,65311,63077,-2233,-3
47,BANKNIFTY2121837000PE,100,31122,34000,2877,9
48,BANKNIFTY2121837100CE,75,14365,13690,-675,-5
49,BANKNIFTY2121837200CE,125,26275,27370,1095,4
50,BANKNIFTY2121837200PE,25,9880,10000,120,1
51,BANKNIFTY2121837300CE,50,14900,13400,-1500,-10
52,BANKNIFTY2121837400CE,50,11800,15116,3316,28
53,BANKNIFTY2121837500CE,25,9000,10000,1000,11
54,BANKNIFTY2121837600CE,50,14041,10018,-4022,-29
55,BANKNIFTY2130434000PE,50,21861,21532,-328,-2
56,BANKNIFTY2130434100PE,25,6640,4386,-2253,-34
57,BANKNIFTY2130434300PE,50,11653,10352,-1301,-11
58,BANKNIFTY2130434600PE,50,12747,11470,-1277,-10
59,BANKNIFTY2130434700PE,25,12938,13416,477,4
60,BANKNIFTY2130434900PE,25,1258,1200,-58,-5
61,BANKNIFTY2130435000PE,150,58320,56652,-1667,-3
62,BANKNIFTY2130435400PE,25,926,3352,2426,262
63,BANKNIFTY2130435600CE,50,23475,20727,-2747,-12
64,BANKNIFTY2130435700CE,50,11977,11128,-848,-7
65,BANKNIFTY2130435900CE,25,7140,7375,235,3
66,BANKNIFTY2130436000CE,150,33878,33607,-271,-1
67,BANKNIFTY2130436200CE,75,16432,17985,1552,9
68,BANKNIFTY2130436400CE,25,4870,4457,-412,-8
69,BANKNIFTY2130436500CE,25,3017,2693,-323,-11
70,BANKNIFTY2130437000CE,100,16905,18882,1977,12
71,BANKNIFTY2131833400PE,300,1193,553,-640,-54
72,BANKNIFTY2131833500PE,375,12565,15961,3396,27
73,BANKNIFTY2131834000CE,1000,300,350,50,17
74,BANKNIFTY2131834100CE,25,322,193,-128,-40
75,BANKNIFTY2131834200PE,25,4375,4500,125,3
76,BANKNIFTY2131834300PE,150,23076,23972,896,4
77,BANKNIFTY2131834400PE,25,4900,4706,-193,-4
78,BANKNIFTY2131834500PE,50,9291,10250,958,10
79,BANKNIFTY2131834600PE,125,25526,26298,772,3
80,BANKNIFTY2131834800CE,25,3125,3000,-125,-4
81,BANKNIFTY2131835500CE,25,3448,3750,301,9
82,BANKNIFTY2131835800CE,250,5511,5385,-126,-2
83,BANKNIFTY2140832300PE,50,15483,14420,-1063,-7
84,BANKNIFTY2140832800CE,75,10250,10077,-172,-2
85,BANKNIFTY2140832900PE,150,14091,12902,-1188,-8
86,BANKNIFTY2140833000CE,50,19352,17700,-1652,-9
87,BANKNIFTY2140833000PE,75,17112,16468,-643,-4
88,BANKNIFTY2140833200CE,25,1000,825,-175,-18
89,BANKNIFTY2140833300PE,125,43796,44787,991,2
90,BANKNIFTY2140833500CE,25,6957,6433,-523,-8
91,BANKNIFTY2141529800PE,25,4116,2563,-1552,-38
92,BANKNIFTY2141530000PE,25,6222,4800,-1422,-23
93,BANKNIFTY2141530500PE,25,10000,9587,-412,-4
94,BANKNIFTY2141530700PE,75,34275,34517,242,1
95,BANKNIFTY2141530800PE,25,11748,12576,827,7
96,BANKNIFTY2141530900PE,150,66807,69873,3066,5
97,BANKNIFTY2141531000CE,100,41775,41850,75,0
98,BANKNIFTY2141531000PE,75,35567,37835,2267,6
99,BANKNIFTY2141531200CE,75,27423,30013,2590,9
100,BANKNIFTY2141531200PE,50,18750,17902,-847,-5
101,BANKNIFTY2141531500CE,200,67996,68731,735,1
102,BANKNIFTY2141531500PE,75,15762,13966,-1796,-11
103,BANKNIFTY2141531600CE,75,30767,32568,1801,6
104,BANKNIFTY2141531700CE,25,8500,7456,-1043,-12
105,BANKNIFTY2141531700PE,25,6557,6711,153,2
106,BANKNIFTY2141531800CE,175,51196,46646,-4550,-9
107,BANKNIFTY2141531800PE,75,20573,19228,-1345,-7
108,BANKNIFTY2141531900CE,250,64775,60546,-4228,-7
109,BANKNIFTY2141531900PE,75,23882,22705,-1177,-5
110,BANKNIFTY2141532000CE,50,7750,6381,-1368,-18
111,BANKNIFTY2141532100PE,50,15500,15671,171,1
112,BANKNIFTY2141533000CE,50,18125,18500,375,2
113,BANKNIFTY2141533200CE,25,7875,7076,-798,-10
114,BANKNIFTY2142230500PE,25,14148,11192,-2956,-21
115,BANKNIFTY2142231300CE,75,17308,17021,-287,-2
116,BANKNIFTY2142231300PE,25,5400,5750,350,6
117,BANKNIFTY2142231400CE,150,27506,25767,-1738,-6
118,BANKNIFTY2142231400PE,25,2451,2451,0,0
119,BANKNIFTY2142231500CE,50,9131,9375,243,3
120,BANKNIFTY2142231500PE,25,5245,5501,256,5
121,BANKNIFTY2142231600CE,25,5075,4277,-797,-16
122,BANKNIFTY2142232100CE,50,32850,32125,-725,-2
123,BANKNIFTY2160334700PE,25,1301,1245,-56,-4
124,BANKNIFTY2160335000PE,75,20483,19441,-1042,-5
125,BANKNIFTY2160335400CE,100,34095,33133,-961,-3
126,BANKNIFTY2160335400PE,75,25750,25821,71,0
127,BANKNIFTY2160335500CE,100,20050,17197,-2852,-14
128,BANKNIFTY2160335500PE,100,28776,29950,1173,4
129,BANKNIFTY2160335600CE,75,8287,8750,462,6
130,BANKNIFTY2160335600PE,25,7243,7175,-68,-1
131,BANKNIFTY2160335700PE,25,9335,8426,-908,-10
132,BANKNIFTY2160335800PE,25,7600,6767,-832,-11
133,BANKNIFTY2160336300CE,75,376,362,-13,-4
134,BANKNIFTY2160336500CE,25,53,46,-7,-14
135,BANKNIFTY2161034300PE,25,370,420,50,14
136,BANKNIFTY2161034600CE,150,49053,47280,-1773,-4
137,BANKNIFTY2161034600PE,25,3958,3510,-448,-11
138,BANKNIFTY2161034700CE,75,17675,16670,-1005,-6
139,BANKNIFTY2161034800CE,75,10813,9986,-827,-8
140,BANKNIFTY2161034800PE,100,10400,9640,-760,-7
141,BANKNIFTY2161034900CE,425,64542,60819,-3722,-6
142,BANKNIFTY2161034900PE,25,6196,5838,-357,-6
143,BANKNIFTY2161035000CE,200,26510,25140,-1370,-5
144,BANKNIFTY2161035000PE,150,25798,25130,-668,-3
145,BANKNIFTY2161035100CE,75,14976,15735,758,5
146,BANKNIFTY2161035100PE,75,16908,17195,286,2
147,BANKNIFTY2161035200CE,100,15072,14225,-847,-6
148,BANKNIFTY2161035200PE,50,14300,16437,2137,15
149,BANKNIFTY2161035300CE,125,14982,16546,1563,10
150,BANKNIFTY2161035400CE,75,11478,11458,-20,0
151,BANKNIFTY2161035400PE,175,57543,55700,-1843,-3
152,BANKNIFTY2161035500CE,100,26042,25508,-533,-2
153,BANKNIFTY2161035600CE,25,7925,7421,-503,-6
154,BANKNIFTY2161035800CE,75,31373,32281,907,3
155,BANKNIFTY2161035900CE,25,10000,9900,-100,-1
156,BANKNIFTY2161036000CE,25,70,66,-3,-5
157,BANKNIFTY2161036300CE,75,932,858,-73,-8
158,BANKNIFTY2161036400CE,75,830,785,-45,-5
159,BANKNIFTY2161734900PE,25,7625,7311,-313,-4
160,BANKNIFTY2161735000CE,50,24275,24307,32,0
161,BANKNIFTY2161735000PE,50,16825,15906,-918,-5
162,BANKNIFTY2161735100CE,100,40000,40561,561,1
163,BANKNIFTY2161735200CE,50,20792,20175,-617,-3
164,BANKNIFTY2161735300CE,25,4487,4575,87,2
165,BANKNIFTY2161735400CE,100,17475,16911,-563,-3
166,BANKNIFTY2161735500CE,75,23382,23028,-353,-2
167,BANKNIFTY2181835600PE,50,5705,5487,-217,-4
168,BANKNIFTY2190236400PE,75,4922,4482,-440,-9
169,BANKNIFTY2190236500CE,50,3850,4543,693,18
170,BANKNIFTY2190236500PE,25,1140,950,-190,-17
171,BANKNIFTY2190236800CE,75,3440,4191,751,22
172,BANKNIFTY2190237000CE,175,8628,8981,352,4
173,BANKNIFTY2190237100CE,50,2725,3005,280,10
174,BANKNIFTY2190237200CE,75,3625,4636,1011,28
175,BANKNIFTY2190237300CE,75,2332,2457,125,5
176,BANKNIFTY2190237800CE,25,893,660,-233,-26
177,BANKNIFTY2190935400PE,25,651,525,-126,-19
178,BANKNIFTY2190938000CE,75,5641,5430,-211,-4
179,BANKNIFTY2192334000PE,25,305,250,-55,-18
180,BANKNIFTY2192338700CE,25,166,142,-23,-14
181,BANKNIFTY21AUG35400PE,125,25017,23632,-1385,-6
182,BANKNIFTY21AUG35500CE,150,32650,31975,-675,-2
183,BANKNIFTY21AUG35500PE,75,15465,15478,13,0
184,BANKNIFTY21AUG35600CE,25,1570,1082,-487,-31
185,BANKNIFTY21AUG35600PE,75,2645,945,-1700,-64
186,BANKNIFTY21AUG35700PE,75,5086,6131,1045,21
187,BANKNIFTY21AUG35800PE,25,2325,2446,121,5
188,BANKNIFTY21FEB34600PE,25,5500,5750,250,5
189,BANKNIFTY21FEB34700PE,25,5587,4751,-836,-15
190,BANKNIFTY21FEB34900PE,25,5852,5626,-226,-4
191,BANKNIFTY21FEB35100PE,75,23341,21821,-1520,-7
192,BANKNIFTY21FEB35200PE,100,24583,24630,46,0
193,BANKNIFTY21FEB35300PE,25,6388,7000,611,10
194,BANKNIFTY21FEB35500CE,125,33832,33815,-17,0
195,BANKNIFTY21FEB35700CE,25,7988,8551,562,7
196,BANKNIFTY21FEB35700PE,75,22013,21711,-302,-1
197,BANKNIFTY21FEB35800CE,50,11333,11900,566,5
198,BANKNIFTY21FEB35800PE,100,31320,27773,-3546,-11
199,BANKNIFTY21FEB35900CE,50,14505,17648,3143,22
200,BANKNIFTY21FEB36000CE,75,15790,14825,-965,-6
201,BANKNIFTY21FEB36300CE,50,14125,13042,-1082,-8
202,BANKNIFTY21FEB36500CE,100,30298,26883,-3415,-11
203,BANKNIFTY21FEB36600CE,25,5085,4067,-1017,-20
204,BANKNIFTY21FEB36600PE,25,9968,9470,-498,-5
205,BANKNIFTY21FEB37000CE,25,6375,5950,-425,-7
206,BANKNIFTY21FEB37000PE,50,17495,16785,-710,-4
207,BANKNIFTY21FEB37100CE,75,9420,9372,-47,-1
208,BANKNIFTY21FEB37200CE,25,6000,6626,626,10
209,BANKNIFTY21FEB38000CE,100,90,120,30,33
210,BANKNIFTY21MAR32500PE,150,38951,36751,-2200,-6
211,BANKNIFTY21MAR32600PE,125,27750,24901,-2848,-10
212,BANKNIFTY21MAR34800CE,50,12375,12200,-175,-1
213,BANKNIFTY21MAR35000CE,175,43487,44052,565,1
214,BANKNIFTY21MAR35400CE,25,3850,3510,-340,-9
215,BANKNIFTY21N1138600PE,350,40826,39200,-1626,-4
216,BANKNIFTY21N1138700CE,75,13158,12168,-990,-8
217,BANKNIFTY21N1138700PE,75,11768,11662,-106,-1
218,BANKNIFTY21N1139000PE,100,25650,24091,-1558,-6
219,BANKNIFTY21N1139200CE,50,9473,8688,-785,-8
220,BANKNIFTY21N1837800PE,25,2896,2693,-202,-7
221,BANKNIFTY21N1838000PE,25,2893,3310,416,14
222,BANKNIFTY21NOV36000PE,25,3097,1075,-2022,-65
223,BANKNIFTY21NOV37000PE,50,6771,6773,2,0
224,BANKNIFTY21NOV37300PE,25,4086,4640,553,14
225,BANKNIFTY21NOV37600CE,25,4372,4166,-206,-5
226,BANKNIFTY21O1438700CE,25,5290,4500,-790,-15
227,BANKNIFTY21O1438800CE,25,3325,3187,-137,-4
228,BANKNIFTY21O2139400PE,25,6668,7100,431,6
229,BANKNIFTY21O2139500CE,25,7491,7305,-186,-2
230,BANKNIFTY21O2140000CE,25,5720,7118,1398,24
231,BANKNIFTY21O2140100CE,25,6321,5950,-371,-6
232,BANKNIFTY21O2140200CE,25,4925,4227,-697,-14
233,BANKNIFTY21OCT39800PE,25,1125,801,-323,-29
234,BANKNIFTY21OCT40000PE,25,1246,1000,-246,-20
235,BANKNIFTY21OCT41500CE,50,5800,6592,792,14
236,BANKNIFTY21OCT41700CE,75,10277,10515,237,2
237,BANKNIFTY21OCT42300CE,50,9260,8775,-485,-5
238,BDL,200,73522,73170,-352,0
239,BHARTIARTL,148,81450,81526,76,0
240,BHARTIARTL21AUG640CE,1851,5090,5182,92,2
241,BIOCON,90,30974,31007,33,0
242,BIOCON21AUG330PE,4600,29785,24495,-5290,-18
243,BIOCON21AUG340PE,4600,31165,41515,10350,33
244,BIOCON21AUG345PE,2300,6440,7820,1380,21
245,BIOCON21AUG355PE,2300,8050,15295,7245,90
246,BIOCON21SEP300PE,2300,6900,5980,-920,-13
247,BPCL,200,84155,84200,45,0
248,BRITANNIA,29,108977,108773,-204,0
249,CAMS,100,196964,196650,-314,0
250,CIPLA,60,55274,55513,238,0
251,COFORGE21AUG5200CE,800,44810,48200,3390,8
252,COFORGE21AUG5300CE,400,17330,15150,-2180,-13
253,DEEPAKNTR,41,49794,49914,120,0
254,DLF,30,13152,13071,-81,-1
255,DLF21NOV480CE,1650,11880,11385,-495,-4
256,DRREDDY,45,222793,222719,-73,0
257,DRREDDY21JUN5800CE,375,12887,12212,-675,-5
258,DRREDDY21NOV5200CE,125,11500,10000,-1500,-13
259,DRREDDY21SEP5800CE,125,1525,1418,-106,-7
260,EICHERMOT,13,32404,32376,-28,0
261,EICHERMOT21AUG2600CE,700,20492,21000,507,2
262,EICHERMOT21NOV2700CE,350,17500,17850,350,2
264,EMAMILTD*,1,528,533,6,1
265,FEDERALBNK,50,4060,4050,-10,0
266,FINNIFTY2141514200PE,40,1760,1402,-358,-20
267,GLENMARK,161,103910,103778,-132,0
268,GRASIM,20,29780,29769,-11,0
269,GUJGASLTD,42,27241,27300,59,0
270,HAPPSTMNDS,100,65800,65439,-361,-1
271,HCLTECH,20,19397,19392,-5,0
272,HCLTECH21AUG1160CE,700,7140,7700,560,8
273,HDFC,1,2574,2576,2,0
274,HDFC21APR2300PE,300,4350,4440,90,2
275,HDFC21AUG2650PE,300,3000,2700,-300,-10
276,HDFC21AUG2750CE,300,9900,11100,1200,12
277,HDFCBANK,30,43619,43615,-5,0
278,HDFCBANK21AUG1560CE,550,5995,4647,-1347,-22
279,HDFCBANK21JUN1540CE,550,16225,15565,-660,-4
280,HINDALCO,309,105821,105792,-28,0
281,HINDALCO21AUG420PE,2150,7632,7955,322,4
282,HINDALCO21NOV510CE,1075,10427,9245,-1182,-11
283,HINDALCO21OCT500CE,2150,3870,3655,-215,-6
284,HINDUNILVR,12,28465,28422,-43,0
285,HINDUNILVR21AUG2480PE,300,6600,6300,-300,-5
286,HINDUNILVR21AUG2500CE,600,15720,12030,-3690,-23
287,HINDUNILVR21AUG2520CE,300,7320,11100,3780,52
288,HINDUNILVR21AUG2600CE,300,8235,9900,1665,20
289,HINDUNILVR21AUG2620CE,300,8685,11250,2565,30
290,HINDUNILVR21OCT2300PE,300,4200,2520,-1680,-40
291,HINDUNILVR21OCT2400PE,900,10230,8145,-2085,-20
292,HINDUNILVR21OCT2800CE,300,7110,7215,105,1
293,HLEGLAS,2,3930,3940,10,0
294,IBULHSGFIN,70,21770,21707,-63,0
295,ICICIBANK,83,50042,49966,-76,0
296,ICICIBANK21AUG700CE,1375,6325,5500,-825,-13
297,ICICIBANK21MAY680CE,1375,1306,1237,-68,-5
298,ICICIBANK21NOV800CE,1375,19800,17875,-1925,-10
299,ICICIBANK21OCT820CE,1375,6393,5087,-1306,-20
300,IDFCFIRSTB,32,1538,1581,43,3
301,IGL,65,37450,37448,-3,0
302,INDHOTEL,9,1937,1925,-12,-1
303,INDIACEM,20,4250,4229,-21,0
304,INDIGO,80,181129,180462,-667,0
305,INDIGO21NOV2000PE,250,4587,3850,-737,-16
306,INDIGO21NOV2400CE,1250,40475,40575,100,0
307,INDIGO21NOV2500CE,1250,26375,24950,-1425,-5
308,INDUSINDBK,66,66218,66295,78,0
309,INDUSINDBK21AUG960PE,900,7515,6750,-765,-10
310,INFY,100,134300,134268,-33,0
311,INFY21AUG1760CE,2400,28320,29610,1290,5
312,IOC,14,1475,1486,12,1
313,IOC21NOV150CE,6500,6500,5200,-1300,-20
314,IRCTC,95,204375,204450,75,0
315,IRFC,575,14950,14393,-558,-4
316,JINDALSTEL,347,143259,142876,-383,0
317,JSWSTEEL,498,300587,300171,-415,0
318,JSWSTEEL21JUN700PE,1350,36855,35100,-1755,-5
319,JSWSTEEL21JUN710CE,2700,89167,85995,-3172,-4
320,JUBLFOOD21OCT3400PE,250,3250,2750,-500,-15
322,KOPRAN6,4,700,728,28,4
323,KOTAKBANK,25,45451,45463,12,0
324,KOTAKBANK21AUG1740PE,800,9940,9240,-700,-7
325,KOTAKBANK21AUG1760PE,800,14480,17160,2680,19
326,KOTAKBANK21NOV1920PE,800,6380,6740,360,6
327,KOTAKBANK21NOV1960PE,400,4000,4000,0,0
328,KOTAKBANK21NOV2000PE,400,8560,8400,-160,-2
329,KOTAKBANK21NOV2200CE,400,9260,7840,-1420,-15
330,KOTAKBANK21OCT2300CE,400,3560,3960,400,11
331,KOTAKBANK21OCT2400CE,2000,12340,12319,-20,0
332,LT,35,54460,54350,-110,0
333,LT21MAY1600CE,1150,6066,4600,-1466,-24
334,LT21NOV1800PE,575,2990,2990,0,0
335,LT21NOV1860PE,575,2990,4657,1667,56
336,LT21NOV1880PE,575,5232,4168,-1063,-20
337,LT21NOV1940CE,575,13110,14375,1265,10
338,LT21NOV1960CE,575,15525,17106,1581,10
339,LT21NOV1980CE,1725,42952,40595,-2357,-5
340,LT21NOV2000CE,575,10292,10062,-230,-2
341,LT21OCT1700PE,1150,7618,6497,-1121,-15
342,LT21OCT1960CE,575,6900,8050,1150,17
343,LT21OCT2080CE,575,4168,5692,1523,37
344,M&M,217,175041,174807,-234,0
345,M&M21NOV890PE,700,2800,1575,-1225,-44
346,MARUTI,65,441277,441239,-38,0
347,MARUTI21AUG6700PE,400,26670,24479,-2190,-8
348,MARUTI21NOV7350PE,100,9700,8485,-1215,-13
349,MARUTI21NOV7800CE,200,31820,32500,680,2
350,MARUTI21NOV8000CE,300,47499,49224,1725,4
351,MARUTI21NOV8100CE,200,31505,31525,20,0
352,MARUTI21NOV8400CE,100,5745,5415,-330,-6
353,MARUTI21OCT7100PE,300,11030,10055,-975,-9
354,MARUTI21OCT8000CE,100,9540,9350,-190,-2
355,MARUTI21OCT8100CE,100,8050,7500,-550,-7
356,MARUTI21SEP7800CE,100,2175,1865,-310,-14
357,MARUTI21SEP8000CE,100,1400,1200,-200,-14
358,MCDOWELL-N,26,23992,23920,-72,0
359,MCDOWELL-N21AUG720CE,1250,10000,12500,2500,25
360,MCDOWELL-N21AUG740CE,3750,36250,35250,-1000,-3
361,MCDOWELL-N21AUG760CE,2500,16375,14187,-2187,-13
362,MCDOWELL-N21NOV1060CE,8750,112750,119500,6750,6
363,MCDOWELL-N21NOV1100CE,2500,24000,22687,-1312,-5
364,MCDOWELL-N21NOV920PE,1250,12000,12125,125,1
365,MCDOWELL-N21NOV970CE,1250,4312,4625,312,7
366,MINDTREE,5,23140,23179,38,0
367,MOTHERSUMI,50,10375,10568,193,2
368,MOTHERSUMI21JUN270CE,3500,37100,31675,-5425,-15
369,MUTHOOTFIN,75,97233,97487,254,0
370,MUTHOOTFIN21NOV1520PE,750,7312,7143,-168,-2
371,MUTHOOTFIN21NOV1540PE,375,4087,5100,1012,25
372,MUTHOOTFIN21NOV1700CE,375,13818,15131,1312,9
373,MUTHOOTFIN21NOV1760CE,750,25350,26381,1031,4
374,MUTHOOTFIN21NOV1800CE,1500,34425,34200,-225,-1
375,MUTHOOTFIN21OCT1800CE,1500,8625,10837,2212,26
376,MUTHOOTFIN21OCT1900CE,750,2212,2025,-187,-8
377,NAUKRI,30,163869,162270,-1599,-1
378,NAUKRI21AUG5900CE,125,8125,4875,-3250,-40
379,NAVINFLUOR21APR3200CE,225,18787,16886,-1901,-10
380,NESTLEIND21AUG20000CE,50,11750,12250,500,4
381,NESTLEIND21AUG21000CE,50,2550,2200,-350,-14
382,NIFTY2140114500PE,75,558,682,123,22
383,NIFTY2140114900CE,225,1488,1215,-273,-18
384,NIFTY2141514300PE,75,6033,5595,-438,-7
385,NIFTY2141514800CE,75,735,892,157,21
386,NIFTY2141515000CE,75,6097,5763,-333,-5
387,NIFTY2142214200PE,450,30078,29925,-153,-1
388,NIFTY2142214700CE,75,10057,9450,-607,-6
389,NIFTY2152014350PE,150,6930,6592,-337,-5
390,NIFTY2152014400PE,225,12273,12363,90,1
391,NIFTY2152014450PE,75,3900,3738,-161,-4
392,NIFTY2152014500PE,75,4935,4541,-393,-8
393,NIFTY2152014900CE,75,3975,4125,150,4
394,NIFTY2152014950CE,75,2767,2400,-367,-13
395,NIFTY2160315450CE,75,7931,7687,-243,-3
396,NIFTY2160315550PE,75,6997,6270,-727,-10
397,NIFTY2160315600CE,225,13293,14711,1417,11
398,NIFTY2161015500PE,150,652,682,30,5
399,NIFTY2161015650PE,75,7800,7725,-75,-1
400,NIFTY2161015700CE,375,31792,31650,-142,0
401,NIFTY2161015700PE,525,47700,46860,-840,-2
402,NIFTY2161015750CE,1200,71103,70635,-468,-1
403,NIFTY2161015800PE,75,9746,10290,543,6
404,NIFTY2161715550PE,150,9877,9135,-742,-8
405,NIFTY2161715650PE,75,5272,5962,690,13
406,NIFTY2161715800CE,75,3918,3896,-22,-1
407,NIFTY2161715800PE,150,14497,14538,41,0
408,NIFTY2161715900CE,300,15885,15633,-251,-2
409,NIFTY2161715950CE,150,4042,2268,-1773,-44
410,NIFTY2190216700CE,50,5477,5355,-122,-2
411,NIFTY2190217050PE,150,5745,5272,-472,-8
412,NIFTY2190217100CE,100,1557,1997,440,28
413,NIFTY2190217150CE,150,2252,2700,447,20
414,NIFTY2190217200CE,50,700,1800,1100,157
415,NIFTY2190217250CE,100,2392,2287,-105,-4
416,NIFTY2190217350CE,50,1000,1382,382,38
417,NIFTY2190217400CE,100,1430,1087,-342,-24
418,NIFTY2190917000PE,50,1750,1857,107,6
419,NIFTY2190917400CE,50,1600,1492,-107,-7
420,NIFTY2190917450CE,100,3715,4632,917,25
421,NIFTY2190917500CE,50,1605,1740,135,8
422,NIFTY2190917600CE,150,3922,3484,-437,-11
423,NIFTY2190917650CE,50,657,407,-250,-38
424,NIFTY2192316600PE,50,325,300,-25,-8
425,NIFTY2192318000CE,50,347,517,170,49
426,NIFTY2192318050CE,50,310,280,-30,-10
427,NIFTY2192318100CE,50,325,300,-25,-8
428,NIFTY21AUG16350PE,50,3590,1300,-2290,-64
429,NIFTY21AUG16700CE,300,12225,12300,75,1
430,NIFTY21AUG16700PE,500,31677,30227,-1450,-5
431,NIFTY21MAR15000CE,75,2850,2621,-228,-8
432,NIFTY21N0317450PE,50,5392,4412,-980,-18
433,NIFTY21N0317750CE,50,7177,7492,315,4
434,NIFTY21N0317800CE,50,6547,6250,-297,-5
435,NIFTY21N0317800PE,300,8030,9150,1120,14
436,NIFTY21N0317850PE,350,9479,12165,2685,28
437,NIFTY21N0317900CE,300,19455,18877,-577,-3
438,NIFTY21N0317900PE,200,8835,8600,-235,-3
439,NIFTY21N0318000CE,50,4970,4600,-370,-7
440,NIFTY21N0318200CE,100,4382,3702,-680,-16
441,NIFTY21N1117800PE,550,16997,15875,-1122,-7
442,NIFTY21N1117850PE,500,23725,20560,-3165,-13
443,NIFTY21N1117900CE,50,7265,6750,-515,-7
444,NIFTY21N1117900PE,100,5437,4850,-587,-11
445,NIFTY21N1117950PE,50,5707,5782,75,1
446,NIFTY21N1118000CE,50,6500,7025,525,8
447,NIFTY21N1118200CE,50,1725,1650,-75,-4
448,NIFTY21N1817750PE,100,2217,2372,155,7
449,NIFTY21N1817800CE,50,1302,1095,-207,-16
450,NIFTY21NOV16950PE,50,5607,6050,442,8
451,NIFTY21NOV17350PE,50,4452,4040,-412,-9
452,NIFTY21NOV17500PE,50,6685,6705,20,0
453,NIFTY21NOV17550PE,100,8285,8482,197,2
454,NIFTY21NOV17700PE,50,9637,8312,-1325,-14
455,NIFTY21NOV17800CE,100,12467,12372,-95,-1
456,NIFTY21NOV17850CE,50,5470,4910,-560,-10
457,NIFTY21NOV18000CE,100,20125,19367,-757,-4
458,NIFTY21NOV18200CE,50,9445,9682,237,3
459,NIFTY21NOV18400CE,50,5510,5025,-485,-9
460,NIFTY21O1418150CE,50,3142,5142,2000,64
461,NIFTY21O1418200CE,50,2075,2270,195,9
462,NIFTY21O2118000PE,50,437,200,-237,-54
463,NIFTY21O2118200CE,50,4935,5235,300,6
464,NIFTY21O2118300CE,100,12560,12197,-362,-3
465,NIFTY21O2118300PE,100,12910,12257,-652,-5
466,NIFTY21O2118350CE,50,5787,8972,3185,55
467,NIFTY21O2118400PE,100,8992,7657,-1335,-15
468,NIFTY21O2118500PE,100,8215,7932,-282,-3
469,NIFTY21O2118550CE,150,12637,11755,-882,-7
470,NIFTY21O2118600CE,50,3570,3300,-270,-8
471,NIFTY21OCT17900PE,300,6165,5484,-680,-11
472,NIFTY21OCT17950PE,500,13432,13029,-402,-3
473,NIFTY21OCT18000PE,450,15482,15344,-137,-1
474,NIFTY21OCT18050PE,50,1300,1830,530,41
475,NIFTY21OCT18150CE,50,865,800,-65,-8
476,NIFTY21OCT18300CE,50,4760,4500,-260,-5
477,NIFTY21OCT18400CE,150,9482,9877,395,4
478,NIFTY21OCT18450CE,50,2052,1312,-740,-36
479,NTPC,50,5445,5443,-3,0
480,ONGC,100,10035,10135,100,1
481,PFIZER,3,16107,16060,-47,0
482,POWERGRID,20,4238,4229,-9,0
483,PVR21OCT1900CE,814,5596,8709,3113,56
484,RELIANCE,90,190535,190588,53,0
485,RELIANCE21JUN2140PE,500,24950,26250,1300,5
486,RELIANCE21JUN2160PE,500,31412,30125,-1287,-4
487,RELIANCE21JUN2200CE,3250,140025,139112,-912,-1
488,RELIANCE21MAR1800PE,250,1800,1937,137,8
489,RELIANCE21MAR2220CE,250,10112,8575,-1537,-15
490,RELIANCE21NOV2400PE,500,14075,14787,712,5
491,RELIANCE21NOV2440PE,250,5125,4575,-550,-11
492,RELIANCE21NOV2500PE,250,15912,15750,-162,-1
493,RELIANCE21NOV2560CE,250,12750,11875,-875,-7
494,RELIANCE21NOV2580CE,250,11875,10500,-1375,-12
495,RELIANCE21NOV2620CE,250,8250,7300,-950,-12
496,RELIANCE21OCT2740CE,250,2212,2000,-212,-10
497,RELIANCE21OCT2800CE,250,9725,10000,275,3
498,RELIANCE21OCT2820CE,250,9000,8775,-225,-3
499,RELIANCE21SEP2400CE,250,3500,3250,-250,-7
500,RELIANCE21SEP2600CE,250,775,737,-37,-5
501,ROUTE,76,107718,108520,802,1
502,SBICARD,425,406897,406361,-536,0
503,SBILIFE21NOV1230CE,750,5625,5362,-262,-5
504,SBIN,50,18225,18318,93,1
505,SBIN21JUN440CE,7500,93599,92174,-1425,-2
506,SBIN21NOV580CE,3000,24150,26325,2175,9
507,SBIN21NOV600CE,1500,8400,7200,-1200,-14
508,SHREECEM21AUG25500PE,25,3500,1875,-1625,-46
509,SONACOMS,10,5227,5194,-33,-1
510,TATACHEM,10,8090,8043,-47,-1
511,TATAMOTORS,230,65999,65860,-139,0
512,TATAMOTORS21AUG280PE,2850,11400,10830,-570,-5
513,TATAMOTORS21OCT560CE,8550,11542,9975,-1567,-14
514,TATAPOWER21NOV190PE,13500,23625,22275,-1350,-6
515,TATAPOWER21NOV210PE,6750,3712,4050,337,9
516,TATASTEEL,273,271557,271947,391,0
517,TATASTEEL21AUG1420CE,1700,25500,22695,-2805,-11
518,TATASTEEL21AUG1460CE,850,4802,3570,-1232,-26
519,TCS,77,244045,243658,-387,0
520,TCS21AUG3540CE,900,26415,27645,1230,5
521,TCS21AUG3560CE,300,8790,8100,-690,-8
522,TCS21AUG3580CE,1200,38790,40680,1890,5
523,TCS21AUG3620CE,300,8340,10905,2565,31
524,TCS21OCT3800CE,300,9270,8910,-360,-4
525,TECHM,40,39873,39849,-24,0
526,TIMETECHNO,60,4473,4368,-105,-2
527,TITAN21AUG1880CE,375,8906,8456,-450,-5
528,TITAN21NOV2600CE,375,13368,12993,-375,-3
529,TVSMOTOR21NOV680PE,1400,14000,8820,-5180,-37
530,ULTRACEMCO21AUG7800CE,200,19100,19250,150,1
531,ULTRACEMCO21NOV7500PE,100,2800,3400,600,21
532,ULTRACEMCO21NOV8000CE,300,43195,42075,-1120,-3
533,ULTRACEMCO21NOV8300CE,100,12200,13395,1195,10
534,ULTRACEMCO21NOV8400CE,100,14100,14915,815,6
535,ULTRACEMCO21NOV8500CE,400,30625,30149,-475,-2
536,UPL,145,104907,104905,-2,0
537,VEDL,150,50918,51023,105,0
538,WIPRO,1454,675421,675005,-416,0
539,WIPRO21AUG640CE,1600,7600,8000,400,5
540,YESBANK,50,875,815,-60,-7
541,ZEEL,215,46878,46942,64,0
